<?xml version="1.0" encoding="UTF-8" standalone="yes"?>
<addon id="repository.xxxecho" name="XXX ECHO Repository" version="1.00" provider-name="ECHO">
	<extension point="xbmc.addon.repository" name="XXX ECHO Repository">
	<dir>
		<info compressed="false">https://offshoregit.com/tvaresolvers/tva-common-repository/raw/master/addons.xml</info>
		<checksum>https://offshoregit.com/tvaresolvers/tva-common-repository/raw/master/addons.xml.md5</checksum>
		<datadir zip="true">https://offshoregit.com/tvaresolvers/tva-common-repository/raw/master/zips/</datadir>
	</dir>
		<info compressed="false">http://www.tdbrepo.com/git_xxx/addons.xml</info>
        <checksum>http://www.tdbrepo.com/git_xxx/addons.xml.md5</checksum>
        <datadir zip="true">http://www.tdbrepo.com/git_xxx/zips/</datadir>
	</extension>
	<extension point="xbmc.addon.metadata">
		<summary>XXX Echo Repository</summary>
		<description>The official XXX Echo repositroy.</description>
		<platform>all</platform>
	</extension>
</addon>
