<?xml version="1.0" encoding="UTF-8" standalone="yes"?>
<addon id="plugin.video.xnxxcom" 
	     name="XNXX.com" 
	     version="1.00" 
	     provider-name="Echo Coder">
  <requires>
    <import addon="script.module.requests" />
  </requires>
  <extension point="xbmc.python.pluginsource" library="default.py">
        <provides>video</provides>
  </extension>
  <extension point="xbmc.addon.metadata">
    <platform>all</platform>
    <summary lang="en">OVER 18 ONLY</summary>
    <description lang="en">OVER 18 ONLY</description>
    <disclaimer lang="en"></disclaimer>
    <language></language>
    <platform>all</platform>
    <license>GNU GENERAL PUBLIC LICENSE. Version 2, June 1991</license>
    <forum>http://www.echocoder.com</forum>
    <website>http://www.echocoder.com</website>
    <email>echocoder@protonmail.com</email>
  </extension>
</addon>