<?xml version="1.0" encoding="UTF-8" standalone="yes"?>
<addon id="plugin.video.pornhd" 
	     name="PornHD" 
	     version="1.00" 
	     provider-name="Echo Coder">
  <requires>
    <import addon="script.module.requests" />
  </requires>
  <extension point="xbmc.python.pluginsource" library="default.py">
        <provides>video</provides>
  </extension>
  <extension point="xbmc.addon.metadata">
    <platform>all</platform>
    <summary lang="en">[COLOR deepskyblue]All Videos in HD. We Like Porn.[/COLOR] - [COLOR crimson]OVER 18 ONLY - Support is available on Twitter @echo_coding[/COLOR]</summary>
    <description lang="en">[COLOR deepskyblue]PornHD picks up where other porn tubes fold - high definition porn. We are dedicated to showing you the best high quality porn videos the internet has to offer, completely free and so easy to use you will never want to go back to another tube site. With us you can get your porn fix in stunning quality, easily streamed to any device you own, from tablet to smartphone, big screen TV or high resolution computer display [/COLOR]- [COLOR crimson]OVER 18 ONLY - Support is available on Twitter @echo_coding[/COLOR]</description>
    <disclaimer lang="en"></disclaimer>
    <language></language>
    <platform>all</platform>
    <license>GNU GENERAL PUBLIC LICENSE. Version 2, June 1991</license>
    <forum>http://www.echocoder.com</forum>
    <website>http://www.echocoder.com</website>
    <email>echocoder@protonmail.com</email>
  </extension>
</addon>